{
  "status": 0,
  "result": {
    "success": true,
    "compiled": true,
    "compileProblem": "",
    "exceptionMessage": "",
    "exceptionStackTrace": "",
    "line": -1,
    "column": -1,
    "logs": "57.0 APEX_CODE,DEBUG;APEX_PROFILING,INFO\nExecute Anonymous: // sfdx force:apex:execute -f ./@ELTOROIT/scripts/apex/SetUserRecord.apex\nExecute Anonymous: \nExecute Anonymous: // Find me\nExecute Anonymous: User me = [SELECT Id FROM User WHERE Id = :UserInfo.getUserId()];\nExecute Anonymous: \nExecute Anonymous: // Enable debug mode for the default scratch org user\nExecute Anonymous: me.UserPreferencesUserDebugModePref = true;\nExecute Anonymous: update me;\n07:12:33.171 (171632265)|USER_INFO|[EXTERNAL]|0057d000006NGbC|test-7v8hjkb7bou1@example.com|(GMT-05:00) Eastern Standard Time (America/New_York)|GMT-05:00\n07:12:33.171 (171664593)|EXECUTION_STARTED\n07:12:33.171 (171712794)|CODE_UNIT_STARTED|[EXTERNAL]|execute_anonymous_apex\n07:12:33.289 (289303890)|CUMULATIVE_LIMIT_USAGE\n07:12:33.289 (289303890)|LIMIT_USAGE_FOR_NS|(default)|\n  Number of SOQL queries: 1 out of 100\n  Number of query rows: 1 out of 50000\n  Number of SOSL queries: 0 out of 20\n  Number of DML statements: 1 out of 150\n  Number of Publish Immediate DML: 0 out of 150\n  Number of DML rows: 1 out of 10000\n  Maximum CPU time: 0 out of 10000\n  Maximum heap size: 0 out of 6000000\n  Number of callouts: 0 out of 100\n  Number of Email Invocations: 0 out of 10\n  Number of future calls: 0 out of 50\n  Number of queueable jobs added to the queue: 0 out of 50\n  Number of Mobile Apex push calls: 0 out of 10\n\n07:12:33.289 (289303890)|CUMULATIVE_LIMIT_USAGE_END\n\n07:12:33.171 (289426460)|CODE_UNIT_FINISHED|execute_anonymous_apex\n07:12:33.171 (289505118)|EXECUTION_FINISHED\n"
  }
}
{
  "status": 0,
  "result": {
    "success": true,
    "compiled": true,
    "compileProblem": "",
    "exceptionMessage": "",
    "exceptionStackTrace": "",
    "line": -1,
    "column": -1,
    "logs": "57.0 APEX_CODE,DEBUG;APEX_PROFILING,INFO\nExecute Anonymous: // sfdx force:apex:execute -f ./@ELTOROIT/scripts/apex/SetUserRecord.apex\nExecute Anonymous: \nExecute Anonymous: // Find me\nExecute Anonymous: User me = [SELECT Id FROM User WHERE Id = :UserInfo.getUserId()];\nExecute Anonymous: \nExecute Anonymous: // Enable debug mode for the default scratch org user\nExecute Anonymous: me.UserPreferencesUserDebugModePref = true;\nExecute Anonymous: update me;\n07:16:54.158 (158736887)|USER_INFO|[EXTERNAL]|0058K0000019WmP|test-vawhrhcp9gq2@example.com|(GMT-05:00) Eastern Standard Time (America/New_York)|GMT-05:00\n07:16:54.158 (158785243)|EXECUTION_STARTED\n07:16:54.158 (158793284)|CODE_UNIT_STARTED|[EXTERNAL]|execute_anonymous_apex\n07:16:54.277 (277629883)|CUMULATIVE_LIMIT_USAGE\n07:16:54.277 (277629883)|LIMIT_USAGE_FOR_NS|(default)|\n  Number of SOQL queries: 1 out of 100\n  Number of query rows: 1 out of 50000\n  Number of SOSL queries: 0 out of 20\n  Number of DML statements: 1 out of 150\n  Number of Publish Immediate DML: 0 out of 150\n  Number of DML rows: 1 out of 10000\n  Maximum CPU time: 0 out of 10000\n  Maximum heap size: 0 out of 6000000\n  Number of callouts: 0 out of 100\n  Number of Email Invocations: 0 out of 10\n  Number of future calls: 0 out of 50\n  Number of queueable jobs added to the queue: 0 out of 50\n  Number of Mobile Apex push calls: 0 out of 10\n\n07:16:54.277 (277629883)|CUMULATIVE_LIMIT_USAGE_END\n\n07:16:54.158 (277775605)|CODE_UNIT_FINISHED|execute_anonymous_apex\n07:16:54.158 (277807856)|EXECUTION_FINISHED\n"
  }
}
{
  "status": 0,
  "result": {
    "success": true,
    "compiled": true,
    "compileProblem": "",
    "exceptionMessage": "",
    "exceptionStackTrace": "",
    "line": -1,
    "column": -1,
    "logs": "57.0 APEX_CODE,DEBUG;APEX_PROFILING,INFO\nExecute Anonymous: // sfdx force:apex:execute -f ./@ELTOROIT/scripts/apex/SetUserRecord.apex\nExecute Anonymous: \nExecute Anonymous: // Find me\nExecute Anonymous: User me = [SELECT Id FROM User WHERE Id = :UserInfo.getUserId()];\nExecute Anonymous: \nExecute Anonymous: // Enable debug mode for the default scratch org user\nExecute Anonymous: me.UserPreferencesUserDebugModePref = true;\nExecute Anonymous: update me;\n07:26:47.171 (171396416)|USER_INFO|[EXTERNAL]|0057f000005L0Oj|test-o0tvabsk7xob@example.com|(GMT-05:00) Eastern Standard Time (America/New_York)|GMT-05:00\n07:26:47.171 (171444843)|EXECUTION_STARTED\n07:26:47.171 (171452189)|CODE_UNIT_STARTED|[EXTERNAL]|execute_anonymous_apex\n07:26:47.302 (302451778)|CUMULATIVE_LIMIT_USAGE\n07:26:47.302 (302451778)|LIMIT_USAGE_FOR_NS|(default)|\n  Number of SOQL queries: 1 out of 100\n  Number of query rows: 1 out of 50000\n  Number of SOSL queries: 0 out of 20\n  Number of DML statements: 1 out of 150\n  Number of Publish Immediate DML: 0 out of 150\n  Number of DML rows: 1 out of 10000\n  Maximum CPU time: 0 out of 10000\n  Maximum heap size: 0 out of 6000000\n  Number of callouts: 0 out of 100\n  Number of Email Invocations: 0 out of 10\n  Number of future calls: 0 out of 50\n  Number of queueable jobs added to the queue: 0 out of 50\n  Number of Mobile Apex push calls: 0 out of 10\n\n07:26:47.302 (302451778)|CUMULATIVE_LIMIT_USAGE_END\n\n07:26:47.171 (302540915)|CODE_UNIT_FINISHED|execute_anonymous_apex\n07:26:47.171 (302570594)|EXECUTION_FINISHED\n"
  }
}
