{
  "status": 0,
  "result": {
    "pushedSource": [
      {
        "state": "Created",
        "fullName": "Families",
        "type": "CustomApplication",
        "filePath": "/Users/aperez/GitProjects/current/HOWs/FlowsForDevelopers/ScratchOrg/v2/force-apps/HOW/main/default/applications/Families.app-meta.xml"
      },
      {
        "state": "Created",
        "fullName": "EX01_LinkFamily_Test",
        "type": "ApexClass",
        "filePath": "/Users/aperez/GitProjects/current/HOWs/FlowsForDevelopers/ScratchOrg/v2/force-apps/HOW/main/default/classes/EX01_LinkFamily_Test.cls"
      },
      {
        "state": "Created",
        "fullName": "EX01_LinkFamily_Test",
        "type": "ApexClass",
        "filePath": "/Users/aperez/GitProjects/current/HOWs/FlowsForDevelopers/ScratchOrg/v2/force-apps/HOW/main/default/classes/EX01_LinkFamily_Test.cls-meta.xml"
      },
      {
        "state": "Created",
        "fullName": "EX02_LinkFamily",
        "type": "ApexClass",
        "filePath": "/Users/aperez/GitProjects/current/HOWs/FlowsForDevelopers/ScratchOrg/v2/force-apps/HOW/main/default/classes/EX02_LinkFamily.cls"
      },
      {
        "state": "Created",
        "fullName": "EX02_LinkFamily",
        "type": "ApexClass",
        "filePath": "/Users/aperez/GitProjects/current/HOWs/FlowsForDevelopers/ScratchOrg/v2/force-apps/HOW/main/default/classes/EX02_LinkFamily.cls-meta.xml"
      },
      {
        "state": "Created",
        "fullName": "EX03_DataStructures",
        "type": "ApexClass",
        "filePath": "/Users/aperez/GitProjects/current/HOWs/FlowsForDevelopers/ScratchOrg/v2/force-apps/HOW/main/default/classes/EX03_DataStructures.cls"
      },
      {
        "state": "Created",
        "fullName": "EX03_DataStructures",
        "type": "ApexClass",
        "filePath": "/Users/aperez/GitProjects/current/HOWs/FlowsForDevelopers/ScratchOrg/v2/force-apps/HOW/main/default/classes/EX03_DataStructures.cls-meta.xml"
      },
      {
        "state": "Created",
        "fullName": "EX03_DataStructuresAuraEnabled",
        "type": "ApexClass",
        "filePath": "/Users/aperez/GitProjects/current/HOWs/FlowsForDevelopers/ScratchOrg/v2/force-apps/HOW/main/default/classes/EX03_DataStructuresAuraEnabled.cls"
      },
      {
        "state": "Created",
        "fullName": "EX03_DataStructuresAuraEnabled",
        "type": "ApexClass",
        "filePath": "/Users/aperez/GitProjects/current/HOWs/FlowsForDevelopers/ScratchOrg/v2/force-apps/HOW/main/default/classes/EX03_DataStructuresAuraEnabled.cls-meta.xml"
      },
      {
        "state": "Created",
        "fullName": "EX04_FamilyTypeAuraEnabled",
        "type": "ApexClass",
        "filePath": "/Users/aperez/GitProjects/current/HOWs/FlowsForDevelopers/ScratchOrg/v2/force-apps/HOW/main/default/classes/EX04_FamilyTypeAuraEnabled.cls"
      },
      {
        "state": "Created",
        "fullName": "EX04_FamilyTypeAuraEnabled",
        "type": "ApexClass",
        "filePath": "/Users/aperez/GitProjects/current/HOWs/FlowsForDevelopers/ScratchOrg/v2/force-apps/HOW/main/default/classes/EX04_FamilyTypeAuraEnabled.cls-meta.xml"
      },
      {
        "state": "Created",
        "fullName": "EX04_FamilyTypeCollectionAuraEnabled",
        "type": "ApexClass",
        "filePath": "/Users/aperez/GitProjects/current/HOWs/FlowsForDevelopers/ScratchOrg/v2/force-apps/HOW/main/default/classes/EX04_FamilyTypeCollectionAuraEnabled.cls"
      },
      {
        "state": "Created",
        "fullName": "EX04_FamilyTypeCollectionAuraEnabled",
        "type": "ApexClass",
        "filePath": "/Users/aperez/GitProjects/current/HOWs/FlowsForDevelopers/ScratchOrg/v2/force-apps/HOW/main/default/classes/EX04_FamilyTypeCollectionAuraEnabled.cls-meta.xml"
      },
      {
        "state": "Created",
        "fullName": "EX04_QueryFamilies",
        "type": "ApexClass",
        "filePath": "/Users/aperez/GitProjects/current/HOWs/FlowsForDevelopers/ScratchOrg/v2/force-apps/HOW/main/default/classes/EX04_QueryFamilies.cls"
      },
      {
        "state": "Created",
        "fullName": "EX04_QueryFamilies",
        "type": "ApexClass",
        "filePath": "/Users/aperez/GitProjects/current/HOWs/FlowsForDevelopers/ScratchOrg/v2/force-apps/HOW/main/default/classes/EX04_QueryFamilies.cls-meta.xml"
      },
      {
        "state": "Created",
        "fullName": "EX05_QueryFamilies",
        "type": "ApexClass",
        "filePath": "/Users/aperez/GitProjects/current/HOWs/FlowsForDevelopers/ScratchOrg/v2/force-apps/HOW/main/default/classes/EX05_QueryFamilies.cls"
      },
      {
        "state": "Created",
        "fullName": "EX05_QueryFamilies",
        "type": "ApexClass",
        "filePath": "/Users/aperez/GitProjects/current/HOWs/FlowsForDevelopers/ScratchOrg/v2/force-apps/HOW/main/default/classes/EX05_QueryFamilies.cls-meta.xml"
      },
      {
        "state": "Created",
        "fullName": "Contact_Record_Page",
        "type": "FlexiPage",
        "filePath": "/Users/aperez/GitProjects/current/HOWs/FlowsForDevelopers/ScratchOrg/v2/force-apps/HOW/main/default/flexipages/Contact_Record_Page.flexipage-meta.xml"
      },
      {
        "state": "Created",
        "fullName": "Families_UtilityBar",
        "type": "FlexiPage",
        "filePath": "/Users/aperez/GitProjects/current/HOWs/FlowsForDevelopers/ScratchOrg/v2/force-apps/HOW/main/default/flexipages/Families_UtilityBar.flexipage-meta.xml"
      },
      {
        "state": "Created",
        "fullName": "Family_Record_Page",
        "type": "FlexiPage",
        "filePath": "/Users/aperez/GitProjects/current/HOWs/FlowsForDevelopers/ScratchOrg/v2/force-apps/HOW/main/default/flexipages/Family_Record_Page.flexipage-meta.xml"
      },
      {
        "state": "Created",
        "fullName": "Home_Page_Default",
        "type": "FlexiPage",
        "filePath": "/Users/aperez/GitProjects/current/HOWs/FlowsForDevelopers/ScratchOrg/v2/force-apps/HOW/main/default/flexipages/Home_Page_Default.flexipage-meta.xml"
      },
      {
        "state": "Created",
        "fullName": "EX01_LinkFamily",
        "type": "Flow",
        "filePath": "/Users/aperez/GitProjects/current/HOWs/FlowsForDevelopers/ScratchOrg/v2/force-apps/HOW/main/default/flows/EX01_LinkFamily.flow-meta.xml"
      },
      {
        "state": "Created",
        "fullName": "EX02_LinkFamily_Apex",
        "type": "Flow",
        "filePath": "/Users/aperez/GitProjects/current/HOWs/FlowsForDevelopers/ScratchOrg/v2/force-apps/HOW/main/default/flows/EX02_LinkFamily_Apex.flow-meta.xml"
      },
      {
        "state": "Created",
        "fullName": "EX03_DataStructures",
        "type": "Flow",
        "filePath": "/Users/aperez/GitProjects/current/HOWs/FlowsForDevelopers/ScratchOrg/v2/force-apps/HOW/main/default/flows/EX03_DataStructures.flow-meta.xml"
      },
      {
        "state": "Created",
        "fullName": "EX04_DataTable_Optional",
        "type": "Flow",
        "filePath": "/Users/aperez/GitProjects/current/HOWs/FlowsForDevelopers/ScratchOrg/v2/force-apps/HOW/main/default/flows/EX04_DataTable_Optional.flow-meta.xml"
      },
      {
        "state": "Created",
        "fullName": "EX04_TreeGrid",
        "type": "Flow",
        "filePath": "/Users/aperez/GitProjects/current/HOWs/FlowsForDevelopers/ScratchOrg/v2/force-apps/HOW/main/default/flows/EX04_TreeGrid.flow-meta.xml"
      },
      {
        "state": "Created",
        "fullName": "EX05_CustomProperties",
        "type": "Flow",
        "filePath": "/Users/aperez/GitProjects/current/HOWs/FlowsForDevelopers/ScratchOrg/v2/force-apps/HOW/main/default/flows/EX05_CustomProperties.flow-meta.xml"
      },
      {
        "state": "Created",
        "fullName": "EX03_DataStructures_Test",
        "type": "FlowTest",
        "filePath": "/Users/aperez/GitProjects/current/HOWs/FlowsForDevelopers/ScratchOrg/v2/force-apps/HOW/main/default/flowtests/EX03_DataStructures_Test.flowtest-meta.xml"
      },
      {
        "state": "Created",
        "fullName": "Contact-Family",
        "type": "Layout",
        "filePath": "/Users/aperez/GitProjects/current/HOWs/FlowsForDevelopers/ScratchOrg/v2/force-apps/HOW/main/default/layouts/Contact-Family.layout-meta.xml"
      },
      {
        "state": "Changed",
        "fullName": "Family__c-Family Layout",
        "type": "Layout",
        "filePath": "/Users/aperez/GitProjects/current/HOWs/FlowsForDevelopers/ScratchOrg/v2/force-apps/HOW/main/default/layouts/Family__c-Family Layout.layout-meta.xml"
      },
      {
        "state": "Created",
        "fullName": "ex04TreeGrid",
        "type": "LightningComponentBundle",
        "filePath": "/Users/aperez/GitProjects/current/HOWs/FlowsForDevelopers/ScratchOrg/v2/force-apps/HOW/main/default/lwc/ex04TreeGrid/ex04TreeGrid.html"
      },
      {
        "state": "Created",
        "fullName": "ex04TreeGrid",
        "type": "LightningComponentBundle",
        "filePath": "/Users/aperez/GitProjects/current/HOWs/FlowsForDevelopers/ScratchOrg/v2/force-apps/HOW/main/default/lwc/ex04TreeGrid/ex04TreeGrid.js"
      },
      {
        "state": "Created",
        "fullName": "ex04TreeGrid",
        "type": "LightningComponentBundle",
        "filePath": "/Users/aperez/GitProjects/current/HOWs/FlowsForDevelopers/ScratchOrg/v2/force-apps/HOW/main/default/lwc/ex04TreeGrid/ex04TreeGrid.js-meta.xml"
      },
      {
        "state": "Created",
        "fullName": "ex05ApexConfiguration",
        "type": "LightningComponentBundle",
        "filePath": "/Users/aperez/GitProjects/current/HOWs/FlowsForDevelopers/ScratchOrg/v2/force-apps/HOW/main/default/lwc/ex05ApexConfiguration/ex05ApexConfiguration.html"
      },
      {
        "state": "Created",
        "fullName": "ex05ApexConfiguration",
        "type": "LightningComponentBundle",
        "filePath": "/Users/aperez/GitProjects/current/HOWs/FlowsForDevelopers/ScratchOrg/v2/force-apps/HOW/main/default/lwc/ex05ApexConfiguration/ex05ApexConfiguration.js"
      },
      {
        "state": "Created",
        "fullName": "ex05ApexConfiguration",
        "type": "LightningComponentBundle",
        "filePath": "/Users/aperez/GitProjects/current/HOWs/FlowsForDevelopers/ScratchOrg/v2/force-apps/HOW/main/default/lwc/ex05ApexConfiguration/ex05ApexConfiguration.js-meta.xml"
      },
      {
        "state": "Created",
        "fullName": "ex05LwcConfiguration",
        "type": "LightningComponentBundle",
        "filePath": "/Users/aperez/GitProjects/current/HOWs/FlowsForDevelopers/ScratchOrg/v2/force-apps/HOW/main/default/lwc/ex05LwcConfiguration/ex05LwcConfiguration.html"
      },
      {
        "state": "Created",
        "fullName": "ex05LwcConfiguration",
        "type": "LightningComponentBundle",
        "filePath": "/Users/aperez/GitProjects/current/HOWs/FlowsForDevelopers/ScratchOrg/v2/force-apps/HOW/main/default/lwc/ex05LwcConfiguration/ex05LwcConfiguration.js"
      },
      {
        "state": "Created",
        "fullName": "ex05LwcConfiguration",
        "type": "LightningComponentBundle",
        "filePath": "/Users/aperez/GitProjects/current/HOWs/FlowsForDevelopers/ScratchOrg/v2/force-apps/HOW/main/default/lwc/ex05LwcConfiguration/ex05LwcConfiguration.js-meta.xml"
      },
      {
        "state": "Created",
        "fullName": "ex05TreeGrid",
        "type": "LightningComponentBundle",
        "filePath": "/Users/aperez/GitProjects/current/HOWs/FlowsForDevelopers/ScratchOrg/v2/force-apps/HOW/main/default/lwc/ex05TreeGrid/ex05TreeGrid.html"
      },
      {
        "state": "Created",
        "fullName": "ex05TreeGrid",
        "type": "LightningComponentBundle",
        "filePath": "/Users/aperez/GitProjects/current/HOWs/FlowsForDevelopers/ScratchOrg/v2/force-apps/HOW/main/default/lwc/ex05TreeGrid/ex05TreeGrid.js"
      },
      {
        "state": "Created",
        "fullName": "ex05TreeGrid",
        "type": "LightningComponentBundle",
        "filePath": "/Users/aperez/GitProjects/current/HOWs/FlowsForDevelopers/ScratchOrg/v2/force-apps/HOW/main/default/lwc/ex05TreeGrid/ex05TreeGrid.js-meta.xml"
      },
      {
        "state": "Created",
        "fullName": "Contact.Family",
        "type": "CompactLayout",
        "filePath": "/Users/aperez/GitProjects/current/HOWs/FlowsForDevelopers/ScratchOrg/v2/force-apps/HOW/main/default/objects/Contact/compactLayouts/Family.compactLayout-meta.xml"
      },
      {
        "state": "Created",
        "fullName": "Contact.FamilyLastName__c",
        "type": "CustomField",
        "filePath": "/Users/aperez/GitProjects/current/HOWs/FlowsForDevelopers/ScratchOrg/v2/force-apps/HOW/main/default/objects/Contact/fields/FamilyLastName__c.field-meta.xml"
      },
      {
        "state": "Created",
        "fullName": "Contact.Family__c",
        "type": "CustomField",
        "filePath": "/Users/aperez/GitProjects/current/HOWs/FlowsForDevelopers/ScratchOrg/v2/force-apps/HOW/main/default/objects/Contact/fields/Family__c.field-meta.xml"
      },
      {
        "state": "Created",
        "fullName": "Contact.AllContacts",
        "type": "ListView",
        "filePath": "/Users/aperez/GitProjects/current/HOWs/FlowsForDevelopers/ScratchOrg/v2/force-apps/HOW/main/default/objects/Contact/listViews/AllContacts.listView-meta.xml"
      },
      {
        "state": "Created",
        "fullName": "Contact.BirthdaysThisMonth",
        "type": "ListView",
        "filePath": "/Users/aperez/GitProjects/current/HOWs/FlowsForDevelopers/ScratchOrg/v2/force-apps/HOW/main/default/objects/Contact/listViews/BirthdaysThisMonth.listView-meta.xml"
      },
      {
        "state": "Created",
        "fullName": "Contact.Families",
        "type": "ListView",
        "filePath": "/Users/aperez/GitProjects/current/HOWs/FlowsForDevelopers/ScratchOrg/v2/force-apps/HOW/main/default/objects/Contact/listViews/Families.listView-meta.xml"
      },
      {
        "state": "Created",
        "fullName": "Contact.NewThisWeek",
        "type": "ListView",
        "filePath": "/Users/aperez/GitProjects/current/HOWs/FlowsForDevelopers/ScratchOrg/v2/force-apps/HOW/main/default/objects/Contact/listViews/NewThisWeek.listView-meta.xml"
      },
      {
        "state": "Created",
        "fullName": "Contact.Family",
        "type": "CompactLayout",
        "filePath": "/Users/aperez/GitProjects/current/HOWs/FlowsForDevelopers/ScratchOrg/v2/force-apps/HOW/main/default/objects/Contact/compactLayouts/Family.compactLayout-meta.xml"
      },
      {
        "state": "Created",
        "fullName": "Contact.FamilyLastName__c",
        "type": "CustomField",
        "filePath": "/Users/aperez/GitProjects/current/HOWs/FlowsForDevelopers/ScratchOrg/v2/force-apps/HOW/main/default/objects/Contact/fields/FamilyLastName__c.field-meta.xml"
      },
      {
        "state": "Created",
        "fullName": "Contact.Family__c",
        "type": "CustomField",
        "filePath": "/Users/aperez/GitProjects/current/HOWs/FlowsForDevelopers/ScratchOrg/v2/force-apps/HOW/main/default/objects/Contact/fields/Family__c.field-meta.xml"
      },
      {
        "state": "Created",
        "fullName": "Contact.AllContacts",
        "type": "ListView",
        "filePath": "/Users/aperez/GitProjects/current/HOWs/FlowsForDevelopers/ScratchOrg/v2/force-apps/HOW/main/default/objects/Contact/listViews/AllContacts.listView-meta.xml"
      },
      {
        "state": "Created",
        "fullName": "Contact.BirthdaysThisMonth",
        "type": "ListView",
        "filePath": "/Users/aperez/GitProjects/current/HOWs/FlowsForDevelopers/ScratchOrg/v2/force-apps/HOW/main/default/objects/Contact/listViews/BirthdaysThisMonth.listView-meta.xml"
      },
      {
        "state": "Created",
        "fullName": "Contact.Families",
        "type": "ListView",
        "filePath": "/Users/aperez/GitProjects/current/HOWs/FlowsForDevelopers/ScratchOrg/v2/force-apps/HOW/main/default/objects/Contact/listViews/Families.listView-meta.xml"
      },
      {
        "state": "Created",
        "fullName": "Contact.NewThisWeek",
        "type": "ListView",
        "filePath": "/Users/aperez/GitProjects/current/HOWs/FlowsForDevelopers/ScratchOrg/v2/force-apps/HOW/main/default/objects/Contact/listViews/NewThisWeek.listView-meta.xml"
      },
      {
        "state": "Created",
        "fullName": "Family__c.LastName__c",
        "type": "CustomField",
        "filePath": "/Users/aperez/GitProjects/current/HOWs/FlowsForDevelopers/ScratchOrg/v2/force-apps/HOW/main/default/objects/Family__c/fields/LastName__c.field-meta.xml"
      },
      {
        "state": "Created",
        "fullName": "Family__c.All",
        "type": "ListView",
        "filePath": "/Users/aperez/GitProjects/current/HOWs/FlowsForDevelopers/ScratchOrg/v2/force-apps/HOW/main/default/objects/Family__c/listViews/All.listView-meta.xml"
      },
      {
        "state": "Created",
        "fullName": "Family__c",
        "type": "CustomObject",
        "filePath": "/Users/aperez/GitProjects/current/HOWs/FlowsForDevelopers/ScratchOrg/v2/force-apps/HOW/main/default/objects/Family__c/Family__c.object-meta.xml"
      },
      {
        "state": "Created",
        "fullName": "Family__c.LastName__c",
        "type": "CustomField",
        "filePath": "/Users/aperez/GitProjects/current/HOWs/FlowsForDevelopers/ScratchOrg/v2/force-apps/HOW/main/default/objects/Family__c/fields/LastName__c.field-meta.xml"
      },
      {
        "state": "Created",
        "fullName": "Family__c.All",
        "type": "ListView",
        "filePath": "/Users/aperez/GitProjects/current/HOWs/FlowsForDevelopers/ScratchOrg/v2/force-apps/HOW/main/default/objects/Family__c/listViews/All.listView-meta.xml"
      },
      {
        "state": "Created",
        "fullName": "HOW",
        "type": "PermissionSet",
        "filePath": "/Users/aperez/GitProjects/current/HOWs/FlowsForDevelopers/ScratchOrg/v2/force-apps/HOW/main/default/permissionsets/HOW.permissionset-meta.xml"
      },
      {
        "state": "Created",
        "fullName": "Family__c",
        "type": "CustomTab",
        "filePath": "/Users/aperez/GitProjects/current/HOWs/FlowsForDevelopers/ScratchOrg/v2/force-apps/HOW/main/default/tabs/Family__c.tab-meta.xml"
      },
      {
        "state": "Changed",
        "fullName": "Admin",
        "type": "Profile",
        "filePath": "/Users/aperez/GitProjects/current/HOWs/FlowsForDevelopers/ScratchOrg/v2/force-apps/doNotDeploy/main/default/profiles/Admin.profile-meta.xml"
      }
    ]
  }
}
