<?xml version="1.0" encoding="UTF-8"?>
<Flow xmlns="http://soap.sforce.com/2006/04/metadata">
    <actionCalls>
        <name>Apex020</name>
        <label>Apex020 Get families with contacts</label>
        <locationX>176</locationX>
        <locationY>278</locationY>
        <actionName>EX04_QueryFamilies</actionName>
        <actionType>apex</actionType>
        <connector>
            <targetReference>Screen030</targetReference>
        </connector>
        <flowTransactionModel>Automatic</flowTransactionModel>
        <inputParameters>
            <name>countFamilies</name>
            <value>
                <numberValue>3.0</numberValue>
            </value>
        </inputParameters>
        <inputParameters>
            <name>families</name>
            <value>
                <elementReference>Get010</elementReference>
            </value>
        </inputParameters>
        <inputParameters>
            <name>countContacts</name>
            <value>
                <numberValue>10.0</numberValue>
            </value>
        </inputParameters>
        <storeOutputAutomatically>true</storeOutputAutomatically>
    </actionCalls>
    <apiVersion>57.0</apiVersion>
    <environments>Default</environments>
    <interviewLabel>View020 {!$Flow.CurrentDateTime}</interviewLabel>
    <label>EX04 - DataTable (Optional)</label>
    <loops>
        <name>Loop040</name>
        <label>Loop040 For each FamilyType</label>
        <locationX>176</locationX>
        <locationY>518</locationY>
        <collectionReference>Apex020.response.records</collectionReference>
        <iterationOrder>Asc</iterationOrder>
        <nextValueConnector>
            <targetReference>Screen050</targetReference>
        </nextValueConnector>
    </loops>
    <processMetadataValues>
        <name>BuilderType</name>
        <value>
            <stringValue>LightningFlowBuilder</stringValue>
        </value>
    </processMetadataValues>
    <processMetadataValues>
        <name>CanvasMode</name>
        <value>
            <stringValue>AUTO_LAYOUT_CANVAS</stringValue>
        </value>
    </processMetadataValues>
    <processMetadataValues>
        <name>OriginBuilderType</name>
        <value>
            <stringValue>LightningFlowBuilder</stringValue>
        </value>
    </processMetadataValues>
    <processType>Flow</processType>
    <recordLookups>
        <name>Get010</name>
        <label>Get010 Find families</label>
        <locationX>176</locationX>
        <locationY>158</locationY>
        <assignNullValuesIfNoRecordsFound>false</assignNullValuesIfNoRecordsFound>
        <connector>
            <targetReference>Apex020</targetReference>
        </connector>
        <getFirstRecordOnly>false</getFirstRecordOnly>
        <object>Family__c</object>
        <storeOutputAutomatically>true</storeOutputAutomatically>
    </recordLookups>
    <screens>
        <name>Screen030</name>
        <label>Screen030 Debug data received</label>
        <locationX>176</locationX>
        <locationY>398</locationY>
        <allowBack>true</allowBack>
        <allowFinish>true</allowFinish>
        <allowPause>false</allowPause>
        <connector>
            <targetReference>Loop040</targetReference>
        </connector>
        <fields>
            <name>DebugShowData</name>
            <defaultValue>
                <stringValue>{!Apex020.response.records}</stringValue>
            </defaultValue>
            <fieldText>DebugShowData</fieldText>
            <fieldType>LargeTextArea</fieldType>
            <isRequired>false</isRequired>
        </fields>
        <showFooter>true</showFooter>
        <showHeader>true</showHeader>
    </screens>
    <screens>
        <name>Screen050</name>
        <label>Screen050 Show each family</label>
        <locationX>264</locationX>
        <locationY>638</locationY>
        <allowBack>true</allowBack>
        <allowFinish>true</allowFinish>
        <allowPause>false</allowPause>
        <connector>
            <targetReference>Loop040</targetReference>
        </connector>
        <fields>
            <name>Header</name>
            <fieldText>&lt;p&gt;LastName: &lt;strong&gt;{!Loop040.record.LastName__c}&lt;/strong&gt;&lt;/p&gt;&lt;p&gt;Contacts: &lt;strong&gt;{!Loop040.contactsCount}&lt;/strong&gt;&lt;/p&gt;</fieldText>
            <fieldType>DisplayText</fieldType>
        </fields>
        <fields>
            <name>TableContacts</name>
            <dataTypeMappings>
                <typeName>T</typeName>
                <typeValue>Contact</typeValue>
            </dataTypeMappings>
            <extensionName>flowruntime:datatable</extensionName>
            <fieldType>ComponentInstance</fieldType>
            <inputParameters>
                <name>label</name>
                <value>
                    <stringValue>Data Table</stringValue>
                </value>
            </inputParameters>
            <inputParameters>
                <name>selectionMode</name>
                <value>
                    <stringValue>NO_SELECTION</stringValue>
                </value>
            </inputParameters>
            <inputParameters>
                <name>minRowSelection</name>
                <value>
                    <numberValue>0.0</numberValue>
                </value>
            </inputParameters>
            <inputParameters>
                <name>tableData</name>
                <value>
                    <elementReference>Loop040.contacts</elementReference>
                </value>
            </inputParameters>
            <inputParameters>
                <name>maxRowSelection</name>
                <value>
                    <numberValue>0.0</numberValue>
                </value>
            </inputParameters>
            <inputParameters>
                <name>columns</name>
                <value>
                    <stringValue>[{&quot;apiName&quot;:&quot;FirstName&quot;,&quot;guid&quot;:&quot;column-e199&quot;,&quot;editable&quot;:false,&quot;hasCustomHeaderLabel&quot;:false,&quot;customHeaderLabel&quot;:&quot;&quot;,&quot;wrapText&quot;:true,&quot;order&quot;:0,&quot;label&quot;:&quot;First Name&quot;,&quot;type&quot;:&quot;text&quot;},{&quot;apiName&quot;:&quot;LastName&quot;,&quot;guid&quot;:&quot;column-a608&quot;,&quot;editable&quot;:false,&quot;hasCustomHeaderLabel&quot;:false,&quot;customHeaderLabel&quot;:&quot;&quot;,&quot;wrapText&quot;:true,&quot;order&quot;:1,&quot;label&quot;:&quot;Last Name&quot;,&quot;type&quot;:&quot;text&quot;},{&quot;apiName&quot;:&quot;Family__c&quot;,&quot;guid&quot;:&quot;column-dce3&quot;,&quot;editable&quot;:false,&quot;hasCustomHeaderLabel&quot;:false,&quot;customHeaderLabel&quot;:&quot;&quot;,&quot;wrapText&quot;:true,&quot;order&quot;:2,&quot;label&quot;:&quot;Family&quot;,&quot;type&quot;:&quot;customRichText&quot;},{&quot;apiName&quot;:&quot;FamilyLastName__c&quot;,&quot;guid&quot;:&quot;column-f37b&quot;,&quot;editable&quot;:false,&quot;hasCustomHeaderLabel&quot;:true,&quot;customHeaderLabel&quot;:&quot;Last name (lookup)&quot;,&quot;wrapText&quot;:true,&quot;order&quot;:3,&quot;label&quot;:&quot;Family&apos;s Last Name&quot;,&quot;type&quot;:&quot;customRichText&quot;}]</stringValue>
                </value>
            </inputParameters>
            <inputsOnNextNavToAssocScrn>UseStoredValues</inputsOnNextNavToAssocScrn>
            <isRequired>true</isRequired>
            <storeOutputAutomatically>true</storeOutputAutomatically>
        </fields>
        <showFooter>true</showFooter>
        <showHeader>true</showHeader>
    </screens>
    <start>
        <locationX>50</locationX>
        <locationY>0</locationY>
        <connector>
            <targetReference>Get010</targetReference>
        </connector>
    </start>
    <status>Draft</status>
</Flow>
