<?xml version="1.0" encoding="UTF-8"?>
<LightningComponentBundle xmlns="http://soap.sforce.com/2006/04/metadata">
    <apiVersion>55.0</apiVersion>
    <isExposed>true</isExposed>
    <masterLabel>Family Tree Grid</masterLabel>
    <targets>
        <target>lightning__FlowScreen</target>
    </targets>
    <targetConfigs>
        <targetConfig targets="lightning__FlowScreen">
            <property name="familyTypes" label="Family Types" type="apex://EX04_FamilyTypeCollectionAuraEnabled" role="inputOnly"/>
        </targetConfig>
 </targetConfigs>
</LightningComponentBundle>