{
	"fetched": 13,
	"records": [
		{
			"attributes": {
				"type": "Family__c",
				"url": "/services/data/v57.0/sobjects/Family__c/a008I000000zFyzQAE"
			},
			"Id": "a008I000000zFyzQAE",
			"LastName__c": "Anderson"
		},
		{
			"attributes": {
				"type": "Family__c",
				"url": "/services/data/v57.0/sobjects/Family__c/a008I000000zFz0QAE"
			},
			"Id": "a008I000000zFz0QAE",
			"LastName__c": "Cervantes"
		},
		{
			"attributes": {
				"type": "Family__c",
				"url": "/services/data/v57.0/sobjects/Family__c/a008I000000zFz1QAE"
			},
			"Id": "a008I000000zFz1QAE",
			"LastName__c": "Figueroa"
		},
		{
			"attributes": {
				"type": "Family__c",
				"url": "/services/data/v57.0/sobjects/Family__c/a008I000000zFz2QAE"
			},
			"Id": "a008I000000zFz2QAE",
			"LastName__c": "Haley"
		},
		{
			"attributes": {
				"type": "Family__c",
				"url": "/services/data/v57.0/sobjects/Family__c/a008I000000zFz3QAE"
			},
			"Id": "a008I000000zFz3QAE",
			"LastName__c": "Marquez"
		},
		{
			"attributes": {
				"type": "Family__c",
				"url": "/services/data/v57.0/sobjects/Family__c/a008I000000zFz4QAE"
			},
			"Id": "a008I000000zFz4QAE",
			"LastName__c": "Ortega"
		},
		{
			"attributes": {
				"type": "Family__c",
				"url": "/services/data/v57.0/sobjects/Family__c/a008I000000zFz5QAE"
			},
			"Id": "a008I000000zFz5QAE",
			"LastName__c": "Pruitt"
		},
		{
			"attributes": {
				"type": "Family__c",
				"url": "/services/data/v57.0/sobjects/Family__c/a008I000000zFz6QAE"
			},
			"Id": "a008I000000zFz6QAE",
			"LastName__c": "Pérez"
		},
		{
			"attributes": {
				"type": "Family__c",
				"url": "/services/data/v57.0/sobjects/Family__c/a008I000000zFz7QAE"
			},
			"Id": "a008I000000zFz7QAE",
			"LastName__c": "Radkova"
		},
		{
			"attributes": {
				"type": "Family__c",
				"url": "/services/data/v57.0/sobjects/Family__c/a008I000000zFz8QAE"
			},
			"Id": "a008I000000zFz8QAE",
			"LastName__c": "Ramirez"
		},
		{
			"attributes": {
				"type": "Family__c",
				"url": "/services/data/v57.0/sobjects/Family__c/a008I000000zFz9QAE"
			},
			"Id": "a008I000000zFz9QAE",
			"LastName__c": "Ruiz"
		},
		{
			"attributes": {
				"type": "Family__c",
				"url": "/services/data/v57.0/sobjects/Family__c/a008I000000zFzAQAU"
			},
			"Id": "a008I000000zFzAQAU",
			"LastName__c": "Scott"
		},
		{
			"attributes": {
				"type": "Family__c",
				"url": "/services/data/v57.0/sobjects/Family__c/a008I000000zFzBQAU"
			},
			"Id": "a008I000000zFzBQAU",
			"LastName__c": "Werner"
		}
	],
	"total": 13
}