[{"_allAttributes":null,"_properties":null,"_methods":null,"file":"/Users/aperez/GitProjects/current/HOWs/FlowsForDevelopers/ScratchOrg/devFlow/force-apps/HOW/main/default/lwc/ex04TreeGrid/ex04TreeGrid.js","metadata":{"decorators":[{"type":"api","targets":[{"type":"property","name":"familyTypes"},{"type":"method","name":"validate"}]}],"exports":[{"type":"ExportDefaultDeclaration"}]},"updatedAt":"2023-01-28T21:47:32.000Z"},{"_allAttributes":null,"_properties":null,"_methods":null,"file":"/Users/aperez/GitProjects/current/HOWs/FlowsForDevelopers/ScratchOrg/devFlow/force-apps/HOW/main/default/lwc/ex05ApexConfiguration/ex05ApexConfiguration.js","metadata":{"decorators":[{"type":"api","targets":[{"type":"property","name":"inputVariables"},{"type":"property","name":"builderContext"},{"type":"method","name":"validate"}]},{"type":"track","targets":[{"name":"families","type":"property"},{"name":"countFamilies","type":"property"},{"name":"countContacts","type":"property"}]}],"declarationLoc":{"start":{"line":3,"column":0},"end":{"line":112,"column":1}},"classMembers":[{"type":"property","name":"families","loc":{"start":{"line":7,"column":1},"end":{"line":10,"column":3}},"decorator":"track"},{"type":"property","name":"countFamilies","loc":{"start":{"line":11,"column":1},"end":{"line":15,"column":3}},"decorator":"track"},{"type":"property","name":"countContacts","loc":{"start":{"line":16,"column":1},"end":{"line":20,"column":3}},"decorator":"track"},{"type":"property","name":"inputVariables","loc":{"start":{"line":22,"column":1},"end":{"line":25,"column":2}},"decorator":"api"},{"type":"property","name":"builderContext","loc":{"start":{"line":41,"column":1},"end":{"line":44,"column":2}},"decorator":"api"},{"type":"method","name":"validate","loc":{"start":{"line":61,"column":1},"end":{"line":74,"column":2}},"decorator":"api"},{"type":"method","name":"onfamiliesChange","loc":{"start":{"line":76,"column":1},"end":{"line":84,"column":2}}},{"type":"method","name":"onCountFamiliesChange","loc":{"start":{"line":86,"column":1},"end":{"line":90,"column":2}}},{"type":"method","name":"onCountContactsChange","loc":{"start":{"line":92,"column":1},"end":{"line":96,"column":2}}},{"type":"method","name":"handleChange","loc":{"start":{"line":98,"column":1},"end":{"line":111,"column":2}}}],"exports":[{"type":"ExportDefaultDeclaration"}]},"updatedAt":"2023-01-26T22:52:49.000Z"},{"_allAttributes":null,"_properties":null,"_methods":null,"file":"/Users/aperez/GitProjects/current/HOWs/FlowsForDevelopers/ScratchOrg/devFlow/force-apps/HOW/main/default/lwc/ex05LwcConfiguration/ex05LwcConfiguration.js","metadata":{"decorators":[{"type":"api","targets":[{"type":"property","name":"inputVariables"},{"type":"property","name":"builderContext"}]},{"type":"track","targets":[{"name":"familyTypes","type":"property"}]}],"declarationLoc":{"start":{"line":3,"column":0},"end":{"line":69,"column":1}},"classMembers":[{"type":"property","name":"familyTypes","loc":{"start":{"line":7,"column":1},"end":{"line":10,"column":3}},"decorator":"track"},{"type":"property","name":"inputVariables","loc":{"start":{"line":12,"column":1},"end":{"line":15,"column":2}},"decorator":"api"},{"type":"property","name":"builderContext","loc":{"start":{"line":30,"column":1},"end":{"line":33,"column":2}},"decorator":"api"},{"type":"method","name":"onfamilyTypesChange","loc":{"start":{"line":49,"column":1},"end":{"line":53,"column":2}}},{"type":"method","name":"handleChange","loc":{"start":{"line":55,"column":1},"end":{"line":68,"column":2}}}],"exports":[{"type":"ExportDefaultDeclaration"}]},"updatedAt":"2023-01-26T14:53:39.000Z"},{"_allAttributes":null,"_properties":null,"_methods":null,"file":"/Users/aperez/GitProjects/current/HOWs/FlowsForDevelopers/ScratchOrg/devFlow/force-apps/HOW/main/default/lwc/ex05TreeGrid/ex05TreeGrid.js","metadata":{"decorators":[{"type":"api","targets":[{"type":"property","name":"familyTypes"},{"type":"method","name":"validate"}]}],"exports":[{"type":"ExportDefaultDeclaration"}]},"updatedAt":"2023-01-28T21:47:32.000Z"}]