{
  "status": 0,
  "result": [
    {
      "alias": "dh100",
      "value": "aperez@dh100.com"
    },
    {
      "alias": "dh100pre",
      "value": "aperez-gs0@dh100.com"
    },
    {
      "alias": "prEduOrgs",
      "value": "aperez@eduorgs.com"
    },
    {
      "alias": "prTandC",
      "value": "aperez@tandc.org"
    },
    {
      "alias": "sbTandC_CodeFull",
      "value": "aperez@tandc.org.codefull"
    },
    {
      "alias": "sbTandC_DevAndres",
      "value": "aperez@tandc.org.devandres"
    },
    {
      "alias": "sbTandC_DevZoom",
      "value": "aperez@tandc.org.devzoom"
    },
    {
      "alias": "sbTandC_DevZoom2",
      "value": "aperez@tandc.org.devzoom2"
    },
    {
      "alias": "sbTandC_TandCFull",
      "value": "aperez@tandc.org.tandcfull"
    },
    {
      "alias": "dhPackTest",
      "value": "admin@1666139913830.et.worker5.com"
    },
    {
      "alias": "doPackTest",
      "value": "aperez@zoom-scim.tandc"
    },
    {
      "alias": "prAuthProvider",
      "value": "admin@1665654906683.et.worker1.com"
    },
    {
      "alias": "admin@1669569666275.et.local1.com",
      "value": "admin@1669569666275.et.local1.com"
    },
    {
      "alias": "prDEX403",
      "value": "dex403@sp23test1.org"
    },
    {
      "alias": "prLWC_HOW",
      "value": "admin@df22lwc840.com"
    },
    {
      "alias": "prDevFlow",
      "value": "aperez-colombia@force.com"
    },
    {
      "alias": "soDEMO",
      "value": "test-hamugsnm0f4f@example.com"
    },
    {
      "alias": "sbTandC_MyTHFull",
      "value": "aperez@tandc.org.mythfull"
    },
    {
      "alias": "soDEMO.bak",
      "value": "test-wbx5dxg2ajpr@example.com"
    },
    {
      "alias": "ttDevFlowHow",
      "value": "aperez-h9ab@force.com"
    }
  ]
}
